PROD_EST,COBERTURA,ANIO,ID_MES,AUTO_PUBLICO,AUTO_PARTICULAR,CAM_PAS_PUBLICO,CAM_PAS_PARTICULAR,CYC_CARGA_PUBLICO,CYC_CARGA_PARTICULAR,ESTATUS
Vehículos de motor registrados en circulación. Vehículos de motor,Nacional,1991,	01,258855,6296802,78900,11797,106727,2867778,Cifras Definitivas
Vehículos de motor registrados en circulación. Vehículos de motor,Nacional,1991,	02,260130,6327813,79141,11833,107673,2893193,Cifras Definitivas
Vehículos de motor registrados en circulación. Vehículos de motor,Nacional,1991,	03,261408,6358897,79382,11869,108625,2918787,Cifras Definitivas
Vehículos de motor registrados en circulación. Vehículos de motor,Nacional,1991,	04,262689,6390062,79624,11906,109585,2944568,Cifras Definitivas
Vehículos de motor registrados en circulación. Vehículos de motor,Nacional,1991,	05,263974,6421311,79868,11942,110552,2970546,Cifras Definitivas
Vehículos de motor registrados en circulación. Vehículos de motor,Nacional,1991,	06,265262,6452642,80112,11979,111525,2996711,Cifras Definitivas
Vehículos de motor registrados en circulación. Vehículos de motor,Nacional,1991,	07,266553,6484064,80358,12015,112507,3023079,Cifras Definitivas
Vehículos de motor registrados en circulación. Vehículos de motor,Nacional,1991,	08,267848,6515555,80604,12052,113496,3049648,Cifras Definitivas
Vehículos de motor registrados en circulación. Vehículos de motor,Nacional,1991,	09,269145,6547098,80850,12089,114488,3076320,Cifras Definitivas
Vehículos de motor registrados en circulación. Vehículos de motor,Nacional,1991,	10,270445,6578729,81097,12126,115485,3103107,Cifras Definitivas
Vehículos de motor registrados en circulación. Vehículos de motor,Nacional,1991,	11,271749,6610449,81345,12163,116489,3130093,Cifras Definitivas
Vehículos de motor registrados en circulación. Vehículos de motor,Nacional,1991,	12,273088,6643020,81593,12200,117523,3157866,Cifras Definitivas
Vehículos de motor registrados en circulación. Vehículos de motor,Nacional,1992,	01,268380,6683880,80153,13505,120132,3171184,Cifras Definitivas
Vehículos de motor registrados en circulación. Vehículos de motor,Nacional,1992,	02,269783,6718810,80036,13486,120717,3186624,Cifras Definitivas
Vehículos de motor registrados en circulación. Vehículos de motor,Nacional,1992,	03,271193,6753943,79919,13466,121306,3202176,Cifras Definitivas
Vehículos de motor registrados en circulación. Vehículos de motor,Nacional,1992,	04,272612,6789269,79801,13446,121899,3217827,Cifras Definitivas
Vehículos de motor registrados en circulación. Vehículos de motor,Nacional,1992,	05,274037,6824767,79682,13426,122495,3233582,Cifras Definitivas
Vehículos de motor registrados en circulación. Vehículos de motor,Nacional,1992,	06,275470,6860448,79563,13406,123097,3249451,Cifras Definitivas
Vehículos de motor registrados en circulación. Vehículos de motor,Nacional,1992,	07,276910,6896321,79443,13386,123702,3265432,Cifras Definitivas
Vehículos de motor registrados en circulación. Vehículos de motor,Nacional,1992,	08,278357,6932353,79322,13366,124311,3281498,Cifras Definitivas
Vehículos de motor registrados en circulación. Vehículos de motor,Nacional,1992,	09,279810,6968538,79201,13345,124923,3297659,Cifras Definitivas
Vehículos de motor registrados en circulación. Vehículos de motor,Nacional,1992,	10,281270,7004903,79078,13325,125538,3313902,Cifras Definitivas
Vehículos de motor registrados en circulación. Vehículos de motor,Nacional,1992,	11,282738,7041457,78955,13304,126157,3330246,Cifras Definitivas
Vehículos de motor registrados en circulación. Vehículos de motor,Nacional,1992,	12,284263,7079438,78845,13285,126781,3346713,Cifras Definitivas
Vehículos de motor registrados en circulación. Vehículos de motor,Nacional,1993,	01,269146,7121220,74043,17478,90609,3390798,Cifras Definitivas
Vehículos de motor registrados en circulación. Vehículos de motor,Nacional,1993,	02,270123,7147050,73549,17361,90816,3398546,Cifras Definitivas
Vehículos de motor registrados en circulación. Vehículos de motor,Nacional,1993,	03,271105,7173054,73051,17244,91024,3406340,Cifras Definitivas
Vehículos de motor registrados en circulación. Vehículos de motor,Nacional,1993,	04,272091,7199140,72553,17126,91233,3414165,Cifras Definitivas
Vehículos de motor registrados en circulación. Vehículos de motor,Nacional,1993,	05,273080,7225300,72053,17008,91443,3422028,Cifras Definitivas
Vehículos de motor registrados en circulación. Vehículos de motor,Nacional,1993,	06,274072,7251544,71550,16890,91654,3429921,Cifras Definitivas
Vehículos de motor registrados en circulación. Vehículos de motor,Nacional,1993,	07,275065,7277827,71047,16771,91866,3437839,Cifras Definitivas
Vehículos de motor registrados en circulación. Vehículos de motor,Nacional,1993,	08,276061,7304185,70543,16652,92078,3445780,Cifras Definitivas
Vehículos de motor registrados en circulación. Vehículos de motor,Nacional,1993,	09,277060,7330605,70038,16533,92291,3453748,Cifras Definitivas
Vehículos de motor registrados en circulación. Vehículos de motor,Nacional,1993,	10,278061,7357089,69532,16413,92505,3461744,Cifras Definitivas
Vehículos de motor registrados en circulación. Vehículos de motor,Nacional,1993,	11,279066,7383671,69023,16293,92719,3469765,Cifras Definitivas
Vehículos de motor registrados en circulación. Vehículos de motor,Nacional,1993,	12,280113,7411382,68585,16190,92930,3477667,Cifras Definitivas
Vehículos de motor registrados en circulación. Vehículos de motor,Nacional,1994,	01,316816,7333804,57525,29582,85069,3486801,Cifras Definitivas
Vehículos de motor registrados en circulación. Vehículos de motor,Nacional,1994,	02,315118,7294486,59071,30376,85100,3488047,Cifras Definitivas
Vehículos de motor registrados en circulación. Vehículos de motor,Nacional,1994,	03,313414,7255044,60617,31171,85128,3489195,Cifras Definitivas
Vehículos de motor registrados en circulación. Vehículos de motor,Nacional,1994,	04,311705,7215482,62163,31967,85158,3490446,Cifras Definitivas
Vehículos de motor registrados en circulación. Vehículos de motor,Nacional,1994,	05,309992,7175822,63711,32763,85189,3491698,Cifras Definitivas
Vehículos de motor registrados en circulación. Vehículos de motor,Nacional,1994,	06,308273,7136041,65261,33559,85219,3492956,Cifras Definitivas
Vehículos de motor registrados en circulación. Vehículos de motor,Nacional,1994,	07,306553,7096216,66828,34366,85250,3494216,Cifras Definitivas
Vehículos de motor registrados en circulación. Vehículos de motor,Nacional,1994,	08,304827,7056258,68399,35173,85282,3495498,Cifras Definitivas
Vehículos de motor registrados en circulación. Vehículos de motor,Nacional,1994,	09,303095,7016176,69970,35981,85313,3496785,Cifras Definitivas
Vehículos de motor registrados en circulación. Vehículos de motor,Nacional,1994,	10,301359,6975986,71541,36789,85344,3498077,Cifras Definitivas
Vehículos de motor registrados en circulación. Vehículos de motor,Nacional,1994,	11,299618,6935694,73113,37597,85376,3499372,Cifras Definitivas
Vehículos de motor registrados en circulación. Vehículos de motor,Nacional,1994,	12,297939,6896821,74885,38509,85406,3500599,Cifras Definitivas
Vehículos de motor registrados en circulación. Vehículos de motor,Nacional,1995,	01,256589,6959015,74541,39376,73985,3510826,Cifras Definitivas
Vehículos de motor registrados en circulación. Vehículos de motor,Nacional,1995,	02,257333,6979183,74884,39558,73960,3509658,Cifras Definitivas
Vehículos de motor registrados en circulación. Vehículos de motor,Nacional,1995,	03,258079,6999416,75230,39740,73935,3508490,Cifras Definitivas
Vehículos de motor registrados en circulación. Vehículos de motor,Nacional,1995,	04,258827,7019715,75576,39924,73911,3507321,Cifras Definitivas
Vehículos de motor registrados en circulación. Vehículos de motor,Nacional,1995,	05,259578,7040079,75925,40108,73886,3506154,Cifras Definitivas
Vehículos de motor registrados en circulación. Vehículos de motor,Nacional,1995,	06,260331,7060509,76275,40293,73861,3504987,Cifras Definitivas
Vehículos de motor registrados en circulación. Vehículos de motor,Nacional,1995,	07,261087,7081005,76627,40478,73837,3503819,Cifras Definitivas
Vehículos de motor registrados en circulación. Vehículos de motor,Nacional,1995,	08,261845,7101567,76980,40665,73812,3502653,Cifras Definitivas
Vehículos de motor registrados en circulación. Vehículos de motor,Nacional,1995,	09,262606,7122194,77335,40852,73788,3501486,Cifras Definitivas
Vehículos de motor registrados en circulación. Vehículos de motor,Nacional,1995,	10,263369,7142888,77691,41041,73763,3500320,Cifras Definitivas
Vehículos de motor registrados en circulación. Vehículos de motor,Nacional,1995,	11,264134,7163648,78049,41230,73739,3499154,Cifras Definitivas
Vehículos de motor registrados en circulación. Vehículos de motor,Nacional,1995,	12,264902,7184474,78409,41420,73714,3497989,Cifras Definitivas
Vehículos de motor registrados en circulación. Vehículos de motor,Nacional,1996,	01,291558,7187489,99092,18552,69527,3506134,Cifras Definitivas
Vehículos de motor registrados en circulación. Vehículos de motor,Nacional,1996,	02,292719,7216110,97281,18214,69604,3510020,Cifras Definitivas
Vehículos de motor registrados en circulación. Vehículos de motor,Nacional,1996,	03,293884,7244838,95502,17880,69681,3513910,Cifras Definitivas
Vehículos de motor registrados en circulación. Vehículos de motor,Nacional,1996,	04,295054,7273672,93753,17553,69758,3517804,Cifras Definitivas
Vehículos de motor registrados en circulación. Vehículos de motor,Nacional,1996,	05,296228,7302614,92035,17231,69836,3521701,Cifras Definitivas
Vehículos de motor registrados en circulación. Vehículos de motor,Nacional,1996,	06,297406,7331663,90347,16915,69913,3525603,Cifras Definitivas
Vehículos de motor registrados en circulación. Vehículos de motor,Nacional,1996,	07,298589,7360819,88689,16605,69990,3529510,Cifras Definitivas
Vehículos de motor registrados en circulación. Vehículos de motor,Nacional,1996,	08,299776,7390083,87062,16300,70068,3533420,Cifras Definitivas
Vehículos de motor registrados en circulación. Vehículos de motor,Nacional,1996,	09,300967,7419455,85466,16001,70146,3537334,Cifras Definitivas
Vehículos de motor registrados en circulación. Vehículos de motor,Nacional,1996,	10,302163,7448934,83900,15708,70223,3541253,Cifras Definitivas
Vehículos de motor registrados en circulación. Vehículos de motor,Nacional,1996,	11,303363,7478522,82364,15421,70301,3545175,Cifras Definitivas
Vehículos de motor registrados en circulación. Vehículos de motor,Nacional,1996,	12,304568,7508217,80860,15139,70379,3549102,Cifras Definitivas
Vehículos de motor registrados en circulación. Vehículos de motor,Nacional,1997,	01,278943,7579917,66893,31128,70615,3567709,Cifras Definitivas
Vehículos de motor registrados en circulación. Vehículos de motor,Nacional,1997,	02,280587,7624610,68304,31785,70983,3586281,Cifras Definitivas
Vehículos de motor registrados en circulación. Vehículos de motor,Nacional,1997,	03,282241,7669555,69747,32456,71352,3604951,Cifras Definitivas
Vehículos de motor registrados en circulación. Vehículos de motor,Nacional,1997,	04,283905,7714752,71221,33142,71724,3623716,Cifras Definitivas
Vehículos de motor registrados en circulación. Vehículos de motor,Nacional,1997,	05,285577,7760205,72726,33843,72097,3642579,Cifras Definitivas
Vehículos de motor registrados en circulación. Vehículos de motor,Nacional,1997,	06,287259,7805912,74263,34558,72472,3661540,Cifras Definitivas
Vehículos de motor registrados en circulación. Vehículos de motor,Nacional,1997,	07,288951,7851874,75831,35288,72850,3680597,Cifras Definitivas
Vehículos de motor registrados en circulación. Vehículos de motor,Nacional,1997,	08,290652,7898093,77431,36032,73229,3699754,Cifras Definitivas
Vehículos de motor registrados en circulación. Vehículos de motor,Nacional,1997,	09,292362,7944569,79063,36791,73610,3719009,Cifras Definitivas
Vehículos de motor registrados en circulación. Vehículos de motor,Nacional,1997,	10,294082,7991302,80726,37565,73993,3738363,Cifras Definitivas
Vehículos de motor registrados en circulación. Vehículos de motor,Nacional,1997,	11,295811,8038295,82420,38354,74378,3757817,Cifras Definitivas
Vehículos de motor registrados en circulación. Vehículos de motor,Nacional,1997,	12,297550,8085547,84147,39157,74765,3777372,Cifras Definitivas
Vehículos de motor registrados en circulación. Vehículos de motor,Nacional,1998,	01,316601,8120428,73054,53837,77666,3789647,Cifras Definitivas
Vehículos de motor registrados en circulación. Vehículos de motor,Nacional,1998,	02,318638,8172678,75187,55410,77972,3804575,Cifras Definitivas
Vehículos de motor registrados en circulación. Vehículos de motor,Nacional,1998,	03,320688,8225270,77389,57033,78279,3819561,Cifras Definitivas
Vehículos de motor registrados en circulación. Vehículos de motor,Nacional,1998,	04,322752,8278205,79660,58706,78588,3834603,Cifras Definitivas
Vehículos de motor registrados en circulación. Vehículos de motor,Nacional,1998,	05,324829,8331485,81999,60430,78897,3849704,Cifras Definitivas
Vehículos de motor registrados en circulación. Vehículos de motor,Nacional,1998,	06,326920,8385110,84407,62204,79208,3864863,Cifras Definitivas
Vehículos de motor registrados en circulación. Vehículos de motor,Nacional,1998,	07,329025,8439082,86883,64029,79520,3880080,Cifras Definitivas
Vehículos de motor registrados en circulación. Vehículos de motor,Nacional,1998,	08,331142,8493405,89428,65905,79833,3895356,Cifras Definitivas
Vehículos de motor registrados en circulación. Vehículos de motor,Nacional,1998,	09,333274,8548076,92042,67831,80147,3910691,Cifras Definitivas
Vehículos de motor registrados en circulación. Vehículos de motor,Nacional,1998,	10,335419,8603099,94724,69808,80462,3926085,Cifras Definitivas
Vehículos de motor registrados en circulación. Vehículos de motor,Nacional,1998,	11,337578,8658474,97476,71835,80779,3941538,Cifras Definitivas
Vehículos de motor registrados en circulación. Vehículos de motor,Nacional,1998,	12,339751,8714205,100296,73914,81097,3957052,Cifras Definitivas
Vehículos de motor registrados en circulación. Vehículos de motor,Nacional,1999,	01,327868,8767059,98930,77160,88356,3971459,Cifras Definitivas
Vehículos de motor registrados en circulación. Vehículos de motor,Nacional,1999,	02,329352,8806727,99998,77993,88830,3992767,Cifras Definitivas
Vehículos de motor registrados en circulación. Vehículos de motor,Nacional,1999,	03,330842,8846571,101078,78836,89307,4014189,Cifras Definitivas
Vehículos de motor registrados en circulación. Vehículos de motor,Nacional,1999,	04,332338,8886591,102171,79687,89786,4035726,Cifras Definitivas
Vehículos de motor registrados en circulación. Vehículos de motor,Nacional,1999,	05,333842,8926786,103275,80548,90267,4057379,Cifras Definitivas
Vehículos de motor registrados en circulación. Vehículos de motor,Nacional,1999,	06,335351,8967160,104390,81419,90752,4079146,Cifras Definitivas
Vehículos de motor registrados en circulación. Vehículos de motor,Nacional,1999,	07,336868,9007710,105518,82298,91239,4101029,Cifras Definitivas
Vehículos de motor registrados en circulación. Vehículos de motor,Nacional,1999,	08,338391,9048439,106657,83187,91728,4123029,Cifras Definitivas
Vehículos de motor registrados en circulación. Vehículos de motor,Nacional,1999,	09,339921,9089347,107809,84085,92220,4145146,Cifras Definitivas
Vehículos de motor registrados en circulación. Vehículos de motor,Nacional,1999,	10,341458,9130434,108973,84992,92715,4167380,Cifras Definitivas
Vehículos de motor registrados en circulación. Vehículos de motor,Nacional,1999,	11,343001,9171702,110148,85909,93212,4189733,Cifras Definitivas
Vehículos de motor registrados en circulación. Vehículos de motor,Nacional,1999,	12,344551,9213151,111335,86835,93712,4212204,Cifras Definitivas
Vehículos de motor registrados en circulación. Vehículos de motor,Nacional,2000,	01,340382,9264804,110183,88064,88914,4263516,Cifras Definitivas
Vehículos de motor registrados en circulación. Vehículos de motor,Nacional,2000,	02,342074,9310859,110226,88099,89876,4309620,Cifras Definitivas
Vehículos de motor registrados en circulación. Vehículos de motor,Nacional,2000,	03,343775,9357169,110270,88133,90848,4356269,Cifras Definitivas
Vehículos de motor registrados en circulación. Vehículos de motor,Nacional,2000,	04,345486,9403733,110313,88168,91833,4403462,Cifras Definitivas
Vehículos de motor registrados en circulación. Vehículos de motor,Nacional,2000,	05,347206,9450554,110357,88202,92828,4451205,Cifras Definitivas
Vehículos de motor registrados en circulación. Vehículos de motor,Nacional,2000,	06,348936,9497632,110400,88237,93835,4499499,Cifras Definitivas
Vehículos de motor registrados en circulación. Vehículos de motor,Nacional,2000,	07,350675,9544970,110443,88272,94854,4548347,Cifras Definitivas
Vehículos de motor registrados en circulación. Vehículos de motor,Nacional,2000,	08,352424,9592567,110487,88306,95884,4597752,Cifras Definitivas
Vehículos de motor registrados en circulación. Vehículos de motor,Nacional,2000,	09,354182,9640426,110530,88341,96926,4647716,Cifras Definitivas
Vehículos de motor registrados en circulación. Vehículos de motor,Nacional,2000,	10,355950,9688547,110573,88376,97980,4698242,Cifras Definitivas
Vehículos de motor registrados en circulación. Vehículos de motor,Nacional,2000,	11,357728,9736931,110617,88410,99046,4749334,Cifras Definitivas
Vehículos de motor registrados en circulación. Vehículos de motor,Nacional,2000,	12,359515,9785583,110660,88443,100123,4800995,Cifras Definitivas
Vehículos de motor registrados en circulación. Vehículos de motor,Nacional,2001,	01,337682,9900521,113091,91217,80614,4856595,Cifras Definitivas
Vehículos de motor registrados en circulación. Vehículos de motor,Nacional,2001,	02,340782,9991409,116052,93606,81208,4892378,Cifras Definitivas
Vehículos de motor registrados en circulación. Vehículos de motor,Nacional,2001,	03,343911,10083155,119094,96060,81807,4928444,Cifras Definitivas
Vehículos de motor registrados en circulación. Vehículos de motor,Nacional,2001,	04,347070,10175762,122217,98579,82410,4964794,Cifras Definitivas
Vehículos de motor registrados en circulación. Vehículos de motor,Nacional,2001,	05,350258,10269235,125421,101163,83018,5001429,Cifras Definitivas
Vehículos de motor registrados en circulación. Vehículos de motor,Nacional,2001,	06,353476,10363576,128706,103813,83631,5038350,Cifras Definitivas
Vehículos de motor registrados en circulación. Vehículos de motor,Nacional,2001,	07,356723,10458791,132073,106528,84249,5075559,Cifras Definitivas
Vehículos de motor registrados en circulación. Vehículos de motor,Nacional,2001,	08,360001,10554883,135520,109309,84871,5113057,Cifras Definitivas
Vehículos de motor registrados en circulación. Vehículos de motor,Nacional,2001,	09,363308,10651858,139049,112155,85498,5150844,Cifras Definitivas
Vehículos de motor registrados en circulación. Vehículos de motor,Nacional,2001,	10,366646,10749718,142659,115067,86130,5188922,Cifras Definitivas
Vehículos de motor registrados en circulación. Vehículos de motor,Nacional,2001,	11,370014,10848469,146351,118044,86767,5227292,Cifras Definitivas
Vehículos de motor registrados en circulación. Vehículos de motor,Nacional,2001,	12,373413,10948116,150124,121089,87409,5265957,Cifras Definitivas
Vehículos de motor registrados en circulación. Vehículos de motor,Nacional,2002,	01,349621,11043896,150109,123178,81182,5309493,Cifras Definitivas
Vehículos de motor registrados en circulación. Vehículos de motor,Nacional,2002,	02,351846,11114182,151256,124119,81748,5346511,Cifras Definitivas
Vehículos de motor registrados en circulación. Vehículos de motor,Nacional,2002,	03,354087,11184977,152410,125067,82318,5383800,Cifras Definitivas
Vehículos de motor registrados en circulación. Vehículos de motor,Nacional,2002,	04,356344,11256284,153572,126021,82892,5421362,Cifras Definitivas
Vehículos de motor registrados en circulación. Vehículos de motor,Nacional,2002,	05,358618,11328104,154742,126980,83471,5459197,Cifras Definitivas
Vehículos de motor registrados en circulación. Vehículos de motor,Nacional,2002,	06,360908,11400440,155919,127946,84054,5497308,Cifras Definitivas
Vehículos de motor registrados en circulación. Vehículos de motor,Nacional,2002,	07,363214,11473295,157104,128918,84640,5535696,Cifras Definitivas
Vehículos de motor registrados en circulación. Vehículos de motor,Nacional,2002,	08,365537,11546670,158296,129897,85232,5574359,Cifras Definitivas
Vehículos de motor registrados en circulación. Vehículos de motor,Nacional,2002,	09,367877,11620568,159496,130882,85827,5613302,Cifras Definitivas
Vehículos de motor registrados en circulación. Vehículos de motor,Nacional,2002,	10,370233,11694992,160704,131873,86427,5652523,Cifras Definitivas
Vehículos de motor registrados en circulación. Vehículos de motor,Nacional,2002,	11,372605,11769944,161920,132870,87031,5692025,Cifras Definitivas
Vehículos de motor registrados en circulación. Vehículos de motor,Nacional,2002,	12,374995,11845426,163143,133873,87639,5731810,Cifras Definitivas
Vehículos de motor registrados en circulación. Vehículos de motor,Nacional,2003,	01,362154,11898293,155179,143349,77750,5778644,Cifras Definitivas
Vehículos de motor registrados en circulación. Vehículos de motor,Nacional,2003,	02,363340,11937288,155529,143672,78243,5815337,Cifras Definitivas
Vehículos de motor registrados en circulación. Vehículos de motor,Nacional,2003,	03,364532,11976433,155879,143995,78740,5852271,Cifras Definitivas
Vehículos de motor registrados en circulación. Vehículos de motor,Nacional,2003,	04,365728,12015731,156229,144319,79240,5889451,Cifras Definitivas
Vehículos de motor registrados en circulación. Vehículos de motor,Nacional,2003,	05,366929,12055182,156580,144642,79744,5926879,Cifras Definitivas
Vehículos de motor registrados en circulación. Vehículos de motor,Nacional,2003,	06,368134,12094787,156930,144966,80251,5964560,Cifras Definitivas
Vehículos de motor registrados en circulación. Vehículos de motor,Nacional,2003,	07,369344,12134545,157281,145290,80761,6002497,Cifras Definitivas
Vehículos de motor registrados en circulación. Vehículos de motor,Nacional,2003,	08,370559,12174457,157632,145614,81275,6040694,Cifras Definitivas
Vehículos de motor registrados en circulación. Vehículos de motor,Nacional,2003,	09,371779,12214524,157983,145939,81793,6079154,Cifras Definitivas
Vehículos de motor registrados en circulación. Vehículos de motor,Nacional,2003,	10,373003,12254748,158335,146263,82314,6117882,Cifras Definitivas
Vehículos de motor registrados en circulación. Vehículos de motor,Nacional,2003,	11,374232,12295128,158686,146588,82839,6156880,Cifras Definitivas
Vehículos de motor registrados en circulación. Vehículos de motor,Nacional,2003,	12,375466,12335666,159038,146913,83367,6196153,Cifras Definitivas
Vehículos de motor registrados en circulación. Vehículos de motor,Nacional,2004,	01,357791,12406010,133054,169313,109490,6201524,Cifras Definitivas
Vehículos de motor registrados en circulación. Vehículos de motor,Nacional,2004,	02,359274,12457420,131477,167305,110039,6232600,Cifras Definitivas
Vehículos de motor registrados en circulación. Vehículos de motor,Nacional,2004,	03,360764,12509065,129898,165297,110590,6263828,Cifras Definitivas
Vehículos de motor registrados en circulación. Vehículos de motor,Nacional,2004,	04,362259,12560910,128319,163288,111144,6295187,Cifras Definitivas
Vehículos de motor registrados en circulación. Vehículos de motor,Nacional,2004,	05,363760,12612954,126740,161278,111700,6326689,Cifras Definitivas
Vehículos de motor registrados en circulación. Vehículos de motor,Nacional,2004,	06,365266,12665195,125160,159267,112261,6358461,Cifras Definitivas
Vehículos de motor registrados en circulación. Vehículos de motor,Nacional,2004,	07,366779,12717644,123579,157255,112824,6390373,Cifras Definitivas
Vehículos de motor registrados en circulación. Vehículos de motor,Nacional,2004,	08,368298,12770299,121997,155243,113390,6422420,Cifras Definitivas
Vehículos de motor registrados en circulación. Vehículos de motor,Nacional,2004,	09,369822,12823156,120415,153229,113958,6454603,Cifras Definitivas
Vehículos de motor registrados en circulación. Vehículos de motor,Nacional,2004,	10,371353,12876229,118832,151214,114529,6486951,Cifras Definitivas
Vehículos de motor registrados en circulación. Vehículos de motor,Nacional,2004,	11,372890,12929538,117247,149199,115103,6519479,Cifras Definitivas
Vehículos de motor registrados en circulación. Vehículos de motor,Nacional,2004,	12,374438,12983209,115664,147181,115682,6552248,Cifras Definitivas
Vehículos de motor registrados en circulación. Vehículos de motor,Nacional,2005,	01,398577,13032359,122700,140516,127176,6562970,Cifras Definitivas
Vehículos de motor registrados en circulación. Vehículos de motor,Nacional,2005,	02,400766,13103935,122872,140715,127600,6584837,Cifras Definitivas
Vehículos de motor registrados en circulación. Vehículos de motor,Nacional,2005,	03,402969,13175975,123046,140913,128025,6606778,Cifras Definitivas
Vehículos de motor registrados en circulación. Vehículos de motor,Nacional,2005,	04,405187,13248483,123220,141112,128452,6628793,Cifras Definitivas
Vehículos de motor registrados en circulación. Vehículos de motor,Nacional,2005,	05,407419,13321463,123394,141311,128880,6650882,Cifras Definitivas
Vehículos de motor registrados en circulación. Vehículos de motor,Nacional,2005,	06,409665,13394918,123568,141511,129309,6673047,Cifras Definitivas
Vehículos de motor registrados en circulación. Vehículos de motor,Nacional,2005,	07,411926,13468853,123743,141711,129740,6695287,Cifras Definitivas
Vehículos de motor registrados en circulación. Vehículos de motor,Nacional,2005,	08,414202,13543270,123918,141911,130173,6717602,Cifras Definitivas
Vehículos de motor registrados en circulación. Vehículos de motor,Nacional,2005,	09,416493,13618173,124093,142112,130606,6739994,Cifras Definitivas
Vehículos de motor registrados en circulación. Vehículos de motor,Nacional,2005,	10,418799,13693566,124269,142313,131042,6762461,Cifras Definitivas
Vehículos de motor registrados en circulación. Vehículos de motor,Nacional,2005,	11,421120,13769453,124445,142515,131479,6785006,Cifras Definitivas
Vehículos de motor registrados en circulación. Vehículos de motor,Nacional,2005,	12,423456,13845837,124621,142717,131917,6807628,Cifras Definitivas
Vehículos de motor registrados en circulación. Vehículos de motor,Nacional,2006,	01,415814,14017803,144642,126134,122940,6854933,Cifras Definitivas
Vehículos de motor registrados en circulación. Vehículos de motor,Nacional,2006,	02,420602,14179196,146479,127735,123619,6892794,Cifras Definitivas
Vehículos de motor registrados en circulación. Vehículos de motor,Nacional,2006,	03,425444,14342413,148315,129337,124302,6930863,Cifras Definitivas
Vehículos de motor registrados en circulación. Vehículos de motor,Nacional,2006,	04,430340,14507474,150153,130938,124988,6969142,Cifras Definitivas
Vehículos de motor registrados en circulación. Vehículos de motor,Nacional,2006,	05,435291,14674399,151990,132540,125679,7007632,Cifras Definitivas
Vehículos de motor registrados en circulación. Vehículos de motor,Nacional,2006,	06,440299,14843205,153827,134142,126373,7046335,Cifras Definitivas
Vehículos de motor registrados en circulación. Vehículos de motor,Nacional,2006,	07,445363,15013914,155664,135744,127071,7085252,Cifras Definitivas
Vehículos de motor registrados en circulación. Vehículos de motor,Nacional,2006,	08,450483,15186547,157501,137347,127773,7124384,Cifras Definitivas
Vehículos de motor registrados en circulación. Vehículos de motor,Nacional,2006,	09,455662,15361122,159339,138949,128478,7163733,Cifras Definitivas
Vehículos de motor registrados en circulación. Vehículos de motor,Nacional,2006,	10,460899,15537660,161176,140552,129188,7203300,Cifras Definitivas
Vehículos de motor registrados en circulación. Vehículos de motor,Nacional,2006,	11,466194,15716182,163014,142154,129901,7243087,Cifras Definitivas
Vehículos de motor registrados en circulación. Vehículos de motor,Nacional,2006,	12,471549,15896706,164852,143757,130619,7283094,Cifras Definitivas
Vehículos de motor registrados en circulación. Vehículos de motor,Nacional,2007,	01,471845,16000035,161794,147788,129529,7315350,Cifras Definitivas
Vehículos de motor registrados en circulación. Vehículos de motor,Nacional,2007,	02,474830,16101278,162305,148254,130073,7346108,Cifras Definitivas
Vehículos de motor registrados en circulación. Vehículos de motor,Nacional,2007,	03,477833,16203111,162818,148723,130620,7377003,Cifras Definitivas
Vehículos de motor registrados en circulación. Vehículos de motor,Nacional,2007,	04,480854,16305534,163333,149193,131170,7408034,Cifras Definitivas
Vehículos de motor registrados en circulación. Vehículos de motor,Nacional,2007,	05,483892,16408549,163850,149665,131722,7439203,Cifras Definitivas
Vehículos de motor registrados en circulación. Vehículos de motor,Nacional,2007,	06,486947,16512159,164369,150139,132276,7470510,Cifras Definitivas
Vehículos de motor registrados en circulación. Vehículos de motor,Nacional,2007,	07,490020,16616364,164890,150615,132833,7501955,Cifras Definitivas
Vehículos de motor registrados en circulación. Vehículos de motor,Nacional,2007,	08,493111,16721167,165413,151093,133392,7533540,Cifras Definitivas
Vehículos de motor registrados en circulación. Vehículos de motor,Nacional,2007,	09,496219,16826570,165939,151573,133954,7565266,Cifras Definitivas
Vehículos de motor registrados en circulación. Vehículos de motor,Nacional,2007,	10,499345,16932574,166466,152055,134518,7597132,Cifras Definitivas
Vehículos de motor registrados en circulación. Vehículos de motor,Nacional,2007,	11,502489,17039181,166996,152539,135085,7629140,Cifras Definitivas
Vehículos de motor registrados en circulación. Vehículos de motor,Nacional,2007,	12,505651,17146395,167528,153025,135654,7661291,Cifras Definitivas
Vehículos de motor registrados en circulación. Vehículos de motor,Nacional,2008,	01,449266,17343721,162372,159088,129505,7715552,Cifras Definitivas
Vehículos de motor registrados en circulación. Vehículos de motor,Nacional,2008,	02,452835,17481495,162832,159539,130303,7763112,Cifras Definitivas
Vehículos de motor registrados en circulación. Vehículos de motor,Nacional,2008,	03,456413,17619626,163293,159990,131105,7810895,Cifras Definitivas
Vehículos de motor registrados en circulación. Vehículos de motor,Nacional,2008,	04,460001,17758124,163755,160443,131911,7858918,Cifras Definitivas
Vehículos de motor registrados en circulación. Vehículos de motor,Nacional,2008,	05,463599,17897014,164219,160897,132721,7907182,Cifras Definitivas
Vehículos de motor registrados en circulación. Vehículos de motor,Nacional,2008,	06,467206,18036277,164684,161354,133535,7955677,Cifras Definitivas
Vehículos de motor registrados en circulación. Vehículos de motor,Nacional,2008,	07,470823,18175924,165153,161812,134353,8004414,Cifras Definitivas
Vehículos de motor registrados en circulación. Vehículos de motor,Nacional,2008,	08,474451,18315947,165622,162273,135175,8053402,Cifras Definitivas
Vehículos de motor registrados en circulación. Vehículos de motor,Nacional,2008,	09,478087,18456319,166094,162734,136001,8102604,Cifras Definitivas
Vehículos de motor registrados en circulación. Vehículos de motor,Nacional,2008,	10,481733,18597061,166566,163197,136831,8152036,Cifras Definitivas
Vehículos de motor registrados en circulación. Vehículos de motor,Nacional,2008,	11,485387,18738151,167039,163661,137664,8201684,Cifras Definitivas
Vehículos de motor registrados en circulación. Vehículos de motor,Nacional,2008,	12,489054,18879704,167514,164126,138502,8251597,Cifras Definitivas
Vehículos de motor registrados en circulación. Vehículos de motor,Nacional,2009,	01,489454,18968331,168907,163074,139419,8281289,Cifras Definitivas
Vehículos de motor registrados en circulación. Vehículos de motor,Nacional,2009,	02,491704,19055523,169081,163241,139928,8311503,Cifras Definitivas
Vehículos de motor registrados en circulación. Vehículos de motor,Nacional,2009,	03,493964,19143123,169255,163409,140439,8341830,Cifras Definitivas
Vehículos de motor registrados en circulación. Vehículos de motor,Nacional,2009,	04,496235,19231130,169429,163577,140951,8372270,Cifras Definitivas
Vehículos de motor registrados en circulación. Vehículos de motor,Nacional,2009,	05,498517,19319544,169603,163745,141465,8402824,Cifras Definitivas
Vehículos de motor registrados en circulación. Vehículos de motor,Nacional,2009,	06,500809,19408367,169777,163914,141982,8433490,Cifras Definitivas
Vehículos de motor registrados en circulación. Vehículos de motor,Nacional,2009,	07,503111,19497599,169952,164082,142500,8464272,Cifras Definitivas
Vehículos de motor registrados en circulación. Vehículos de motor,Nacional,2009,	08,505424,19587242,170126,164251,143020,8495167,Cifras Definitivas
Vehículos de motor registrados en circulación. Vehículos de motor,Nacional,2009,	09,507748,19677294,170301,164420,143542,8526177,Cifras Definitivas
Vehículos de motor registrados en circulación. Vehículos de motor,Nacional,2009,	10,510082,19767759,170476,164589,144066,8557302,Cifras Definitivas
Vehículos de motor registrados en circulación. Vehículos de motor,Nacional,2009,	11,512427,19858635,170651,164758,144592,8588543,Cifras Definitivas
Vehículos de motor registrados en circulación. Vehículos de motor,Nacional,2009,	12,514783,19949925,170827,164927,145120,8619899,Cifras Definitivas
Vehículos de motor registrados en circulación. Vehículos de motor,Nacional,2010,	01,489259,20026873,152552,165216,161869,8617584,Cifras Definitivas
Vehículos de motor registrados en circulación. Vehículos de motor,Nacional,2010,	02,490491,20077295,151676,165503,162136,8631798,Cifras Definitivas
Vehículos de motor registrados en circulación. Vehículos de motor,Nacional,2010,	03,491728,20127945,150794,165788,162403,8646058,Cifras Definitivas
Vehículos de motor registrados en circulación. Vehículos de motor,Nacional,2010,	04,492971,20178821,149908,166071,162672,8660363,Cifras Definitivas
Vehículos de motor registrados en circulación. Vehículos de motor,Nacional,2010,	05,494220,20229924,149017,166353,162942,8674714,Cifras Definitivas
Vehículos de motor registrados en circulación. Vehículos de motor,Nacional,2010,	06,495474,20281254,148122,166634,163212,8689112,Cifras Definitivas
Vehículos de motor registrados en circulación. Vehículos de motor,Nacional,2010,	07,496733,20332813,147221,166912,163483,8703556,Cifras Definitivas
Vehículos de motor registrados en circulación. Vehículos de motor,Nacional,2010,	08,497998,20384600,146317,167189,163756,8718045,Cifras Definitivas
Vehículos de motor registrados en circulación. Vehículos de motor,Nacional,2010,	09,499269,20436616,145407,167464,164029,8732582,Cifras Definitivas
Vehículos de motor registrados en circulación. Vehículos de motor,Nacional,2010,	10,500545,20488861,144493,167737,164303,8747165,Cifras Definitivas
Vehículos de motor registrados en circulación. Vehículos de motor,Nacional,2010,	11,501827,20541336,143574,168009,164577,8761796,Cifras Definitivas
Vehículos de motor registrados en circulación. Vehículos de motor,Nacional,2010,	12,503115,20594041,142650,168279,164853,8776473,Cifras Definitivas
Vehículos de motor registrados en circulación. Vehículos de motor,Nacional,2011,	01,512693,20683605,143051,168891,163826,8797393,Cifras Definitivas
Vehículos de motor registrados en circulación. Vehículos de motor,Nacional,2011,	02,515102,20780804,143662,169506,164190,8816967,Cifras Definitivas
Vehículos de motor registrados en circulación. Vehículos de motor,Nacional,2011,	03,517523,20878460,144277,170124,164556,8836584,Cifras Definitivas
Vehículos de motor registrados en circulación. Vehículos de motor,Nacional,2011,	04,519955,20976575,144893,170744,164922,8856243,Cifras Definitivas
Vehículos de motor registrados en circulación. Vehículos de motor,Nacional,2011,	05,522398,21075151,145512,171367,165289,8875947,Cifras Definitivas
Vehículos de motor registrados en circulación. Vehículos de motor,Nacional,2011,	06,524853,21174191,146134,171992,165657,8895696,Cifras Definitivas
Vehículos de motor registrados en circulación. Vehículos de motor,Nacional,2011,	07,527320,21273695,146758,172621,166025,8915487,Cifras Definitivas
Vehículos de motor registrados en circulación. Vehículos de motor,Nacional,2011,	08,529798,21373668,147385,173251,166395,8935324,Cifras Definitivas
Vehículos de motor registrados en circulación. Vehículos de motor,Nacional,2011,	09,532287,21474111,148015,173885,166765,8955204,Cifras Definitivas
Vehículos de motor registrados en circulación. Vehículos de motor,Nacional,2011,	10,534789,21575025,148647,174521,167136,8975128,Cifras Definitivas
Vehículos de motor registrados en circulación. Vehículos de motor,Nacional,2011,	11,537302,21676414,149282,175160,167507,8995096,Cifras Definitivas
Vehículos de motor registrados en circulación. Vehículos de motor,Nacional,2011,	12,539827,21778279,149920,175802,167880,9015109,Cifras Definitivas
Vehículos de motor registrados en circulación. Vehículos de motor,Nacional,2012,	01,528104,21887061,152160,176265,163816,9029235,Cifras Definitivas
Vehículos de motor registrados en circulación. Vehículos de motor,Nacional,2012,	02,530401,21982275,152447,176729,163995,9039133,Cifras Definitivas
Vehículos de motor registrados en circulación. Vehículos de motor,Nacional,2012,	03,532709,22077934,152734,177194,164175,9049045,Cifras Definitivas
Vehículos de motor registrados en circulación. Vehículos de motor,Nacional,2012,	04,535028,22174036,153022,177659,164355,9058973,Cifras Definitivas
Vehículos de motor registrados en circulación. Vehículos de motor,Nacional,2012,	05,537358,22270584,153311,178126,164536,9068914,Cifras Definitivas
Vehículos de motor registrados en circulación. Vehículos de motor,Nacional,2012,	06,539698,22367580,153600,178593,164716,9078871,Cifras Definitivas
Vehículos de motor registrados en circulación. Vehículos de motor,Nacional,2012,	07,542049,22465022,153891,179061,164897,9088843,Cifras Definitivas
Vehículos de motor registrados en circulación. Vehículos de motor,Nacional,2012,	08,544411,22562914,154182,179530,165079,9098829,Cifras Definitivas
Vehículos de motor registrados en circulación. Vehículos de motor,Nacional,2012,	09,546784,22661254,154474,180001,165260,9108831,Cifras Definitivas
Vehículos de motor registrados en circulación. Vehículos de motor,Nacional,2012,	10,549168,22760046,154767,180471,165442,9118847,Cifras Definitivas
Vehículos de motor registrados en circulación. Vehículos de motor,Nacional,2012,	11,551562,22859290,155061,180943,165624,9128879,Cifras Definitivas
Vehículos de motor registrados en circulación. Vehículos de motor,Nacional,2012,	12,553968,22958987,155355,181416,165806,9138926,Cifras Definitivas
Vehículos de motor registrados en circulación. Vehículos de motor,Nacional,2013,	01,537042,23077734,153408,181996,167312,9163530,Cifras Definitivas
Vehículos de motor registrados en circulación. Vehículos de motor,Nacional,2013,	02,539367,23177675,153720,182578,167782,9189243,Cifras Definitivas
Vehículos de motor registrados en circulación. Vehículos de motor,Nacional,2013,	03,541703,23278050,154032,183161,168253,9215029,Cifras Definitivas
Vehículos de motor registrados en circulación. Vehículos de motor,Nacional,2013,	04,544049,23378862,154344,183745,168725,9240888,Cifras Definitivas
Vehículos de motor registrados en circulación. Vehículos de motor,Nacional,2013,	05,546405,23480112,154658,184330,169198,9266819,Cifras Definitivas
Vehículos de motor registrados en circulación. Vehículos de motor,Nacional,2013,	06,548772,23581800,154972,184917,169673,9292822,Cifras Definitivas
Vehículos de motor registrados en circulación. Vehículos de motor,Nacional,2013,	07,551149,23683928,155286,185504,170149,9318899,Cifras Definitivas
Vehículos de motor registrados en circulación. Vehículos de motor,Nacional,2013,	08,553535,23786498,155601,186093,170627,9345049,Cifras Definitivas
Vehículos de motor registrados en circulación. Vehículos de motor,Nacional,2013,	09,555933,23889508,155917,186683,171105,9371274,Cifras Definitivas
Vehículos de motor registrados en circulación. Vehículos de motor,Nacional,2013,	10,558340,23992962,156233,187274,171586,9397571,Cifras Definitivas
Vehículos de motor registrados en circulación. Vehículos de motor,Nacional,2013,	11,560758,24096860,156550,187866,172067,9423943,Cifras Definitivas
Vehículos de motor registrados en circulación. Vehículos de motor,Nacional,2013,	12,563186,24201203,156867,188460,172550,9450389,Cifras Definitivas
Vehículos de motor registrados en circulación. Vehículos de motor,Nacional,2014,	01,567411,24256480,156456,188925,171049,9465106,Cifras Definitivas
Vehículos de motor registrados en circulación. Vehículos de motor,Nacional,2014,	02,568774,24314762,156045,189391,169546,9479843,Cifras Definitivas
Vehículos de motor registrados en circulación. Vehículos de motor,Nacional,2014,	03,570141,24373183,155634,189856,168040,9494601,Cifras Definitivas
Vehículos de motor registrados en circulación. Vehículos de motor,Nacional,2014,	04,571511,24431744,155223,190322,166533,9509378,Cifras Definitivas
Vehículos de motor registrados en circulación. Vehículos de motor,Nacional,2014,	05,572884,24490446,154812,190788,165023,9524176,Cifras Definitivas
Vehículos de motor registrados en circulación. Vehículos de motor,Nacional,2014,	06,574260,24549289,154401,191253,163512,9538994,Cifras Definitivas
Vehículos de motor registrados en circulación. Vehículos de motor,Nacional,2014,	07,575640,24608273,153990,191719,161998,9553832,Cifras Definitivas
Vehículos de motor registrados en circulación. Vehículos de motor,Nacional,2014,	08,577023,24667399,153579,192185,160483,9568691,Cifras Definitivas
Vehículos de motor registrados en circulación. Vehículos de motor,Nacional,2014,	09,578410,24726666,153167,192651,158965,9583570,Cifras Definitivas
Vehículos de motor registrados en circulación. Vehículos de motor,Nacional,2014,	10,579799,24786076,152756,193117,157445,9598470,Cifras Definitivas
Vehículos de motor registrados en circulación. Vehículos de motor,Nacional,2014,	11,581192,24845628,152344,193583,155923,9613391,Cifras Definitivas
Vehículos de motor registrados en circulación. Vehículos de motor,Nacional,2014,	12,584017,24903895,151933,194049,154399,9628332,Cifras Definitivas
Vehículos de motor registrados en circulación. Vehículos de motor,Nacional,2015,	01,584328,25014094,152063,194696,154011,9646047,Cifras Definitivas
Vehículos de motor registrados en circulación. Vehículos de motor,Nacional,2015,	02,584641,25124866,152193,195347,153624,9663795,Cifras Definitivas
Vehículos de motor registrados en circulación. Vehículos de motor,Nacional,2015,	03,584956,25236214,152323,196000,153238,9681576,Cifras Definitivas
Vehículos de motor registrados en circulación. Vehículos de motor,Nacional,2015,	04,585272,25348140,152454,196655,152853,9699391,Cifras Definitivas
Vehículos de motor registrados en circulación. Vehículos de motor,Nacional,2015,	05,585590,25460647,152584,197314,152468,9717239,Cifras Definitivas
Vehículos de motor registrados en circulación. Vehículos de motor,Nacional,2015,	06,585909,25573739,152715,197976,152085,9735120,Cifras Definitivas
Vehículos de motor registrados en circulación. Vehículos de motor,Nacional,2015,	07,586230,25687418,152846,198640,151703,9753035,Cifras Definitivas
Vehículos de motor registrados en circulación. Vehículos de motor,Nacional,2015,	08,586553,25801688,152977,199307,151322,9770984,Cifras Definitivas
Vehículos de motor registrados en circulación. Vehículos de motor,Nacional,2015,	09,586878,25916552,153107,199977,150941,9788967,Cifras Definitivas
Vehículos de motor registrados en circulación. Vehículos de motor,Nacional,2015,	10,587204,26032012,153239,200650,150562,9806983,Cifras Definitivas
Vehículos de motor registrados en circulación. Vehículos de motor,Nacional,2015,	11,587532,26148072,153370,201326,150183,9825033,Cifras Definitivas
Vehículos de motor registrados en circulación. Vehículos de motor,Nacional,2015,	12,587861,26264735,153501,202005,149806,9843118,Cifras Definitivas
Vehículos de motor registrados en circulación. Vehículos de motor,Nacional,2016,	01,589525,26404350,153304,203053,150111,9868114,Cifras Definitivas
Vehículos de motor registrados en circulación. Vehículos de motor,Nacional,2016,	02,591193,26544810,153106,204101,150416,9893179,Cifras Definitivas
Vehículos de motor registrados en circulación. Vehículos de motor,Nacional,2016,	03,592865,26686118,152908,205149,150721,9918314,Cifras Definitivas
Vehículos de motor registrados en circulación. Vehículos de motor,Nacional,2016,	04,594540,26828275,152709,206197,151026,9943519,Cifras Definitivas
Vehículos de motor registrados en circulación. Vehículos de motor,Nacional,2016,	05,596219,26971285,152509,207246,151332,9968794,Cifras Definitivas
Vehículos de motor registrados en circulación. Vehículos de motor,Nacional,2016,	06,597902,27115151,152309,208294,151638,9994139,Cifras Definitivas
Vehículos de motor registrados en circulación. Vehículos de motor,Nacional,2016,	07,599588,27259874,152109,209342,151943,10019555,Cifras Definitivas
Vehículos de motor registrados en circulación. Vehículos de motor,Nacional,2016,	08,601278,27405458,151908,210390,152249,10045043,Cifras Definitivas
Vehículos de motor registrados en circulación. Vehículos de motor,Nacional,2016,	09,602972,27551906,151706,211439,152556,10070601,Cifras Definitivas
Vehículos de motor registrados en circulación. Vehículos de motor,Nacional,2016,	10,604670,27699220,151503,212487,152862,10096232,Cifras Definitivas
Vehículos de motor registrados en circulación. Vehículos de motor,Nacional,2016,	11,606371,27847404,151301,213536,153168,10121935,Cifras Definitivas
Vehículos de motor registrados en circulación. Vehículos de motor,Nacional,2016,	12,608076,27996462,151097,214584,153475,10147710,Cifras Definitivas
Vehículos de motor registrados en circulación. Vehículos de motor,Nacional,2017,	01,587991,28201887,143355,224930,139713,10203183,Cifras Definitivas
Vehículos de motor registrados en circulación. Vehículos de motor,Nacional,2017,	02,591798,28384499,144375,226531,140278,10244468,Cifras Definitivas
Vehículos de motor registrados en circulación. Vehículos de motor,Nacional,2017,	03,595628,28568170,145402,228143,140845,10285890,Cifras Definitivas
Vehículos de motor registrados en circulación. Vehículos de motor,Nacional,2017,	04,599479,28752905,146436,229765,141415,10327449,Cifras Definitivas
Vehículos de motor registrados en circulación. Vehículos de motor,Nacional,2017,	05,603353,28938705,147477,231398,141986,10369147,Cifras Definitivas
Vehículos de motor registrados en circulación. Vehículos de motor,Nacional,2017,	06,607249,29125574,148525,233042,142558,10410985,Cifras Definitivas
Vehículos de motor registrados en circulación. Vehículos de motor,Nacional,2017,	07,611168,29313514,149579,234697,143133,10452961,Cifras Definitivas
Vehículos de motor registrados en circulación. Vehículos de motor,Nacional,2017,	08,615108,29502530,150641,236361,143710,10495077,Cifras Definitivas
Vehículos de motor registrados en circulación. Vehículos de motor,Nacional,2017,	09,619072,29692621,151709,238038,144289,10537334,Cifras Definitivas
Vehículos de motor registrados en circulación. Vehículos de motor,Nacional,2017,	10,623058,29883792,152784,239725,144869,10579732,Cifras Definitivas
Vehículos de motor registrados en circulación. Vehículos de motor,Nacional,2017,	11,627066,30076048,153866,241422,145452,10622271,Cifras Definitivas
Vehículos de motor registrados en circulación. Vehículos de motor,Nacional,2017,	12,631097,30269389,154955,243131,146036,10664953,Cifras Definitivas
Vehículos de motor registrados en circulación. Vehículos de motor,Nacional,2018,	01,692496,30316676,180318,221125,155768,10661315,Cifras Definitivas
Vehículos de motor registrados en circulación. Vehículos de motor,Nacional,2018,	02,694931,30423316,181840,222992,155856,10667324,Cifras Definitivas
Vehículos de motor registrados en circulación. Vehículos de motor,Nacional,2018,	03,697376,30530337,183376,224876,155944,10673338,Cifras Definitivas
Vehículos de motor registrados en circulación. Vehículos de motor,Nacional,2018,	04,699829,30637741,184927,226777,156032,10679355,Cifras Definitivas
Vehículos de motor registrados en circulación. Vehículos de motor,Nacional,2018,	05,702291,30745528,186492,228696,156120,10685376,Cifras Definitivas
Vehículos de motor registrados en circulación. Vehículos de motor,Nacional,2018,	06,704762,30853699,188071,230633,156208,10691401,Cifras Definitivas
Vehículos de motor registrados en circulación. Vehículos de motor,Nacional,2018,	07,707242,30962255,189664,232587,156296,10697430,Cifras Definitivas
Vehículos de motor registrados en circulación. Vehículos de motor,Nacional,2018,	08,709730,31071199,191273,234558,156384,10703463,Cifras Definitivas
Vehículos de motor registrados en circulación. Vehículos de motor,Nacional,2018,	09,712228,31180528,192895,236547,156472,10709500,Cifras Definitivas
Vehículos de motor registrados en circulación. Vehículos de motor,Nacional,2018,	10,714734,31290247,194531,238555,156560,10715541,Cifras Definitivas
Vehículos de motor registrados en circulación. Vehículos de motor,Nacional,2018,	11,717249,31400354,196182,240580,156649,10721585,Cifras Definitivas
Vehículos de motor registrados en circulación. Vehículos de motor,Nacional,2018,	12,719773,31510851,197848,242622,156737,10727634,Cifras Definitivas
Vehículos de motor registrados en circulación. Vehículos de motor,Nacional,2019,	01,702858,31633497,190506,250783,156853,10731745,Cifras Definitivas
Vehículos de motor registrados en circulación. Vehículos de motor,Nacional,2019,	02,705170,31737539,190860,251250,156914,10735899,Cifras Definitivas
Vehículos de motor registrados en circulación. Vehículos de motor,Nacional,2019,	03,707496,31842250,191216,251717,156975,10740038,Cifras Definitivas
Vehículos de motor registrados en circulación. Vehículos de motor,Nacional,2019,	04,709835,31947517,191571,252186,157035,10744167,Cifras Definitivas
Vehículos de motor registrados en circulación. Vehículos de motor,Nacional,2019,	05,712187,32053389,191928,252656,157095,10748283,Cifras Definitivas
Vehículos de motor registrados en circulación. Vehículos de motor,Nacional,2019,	06,714554,32159890,192286,253127,157155,10752387,Cifras Definitivas
Vehículos de motor registrados en circulación. Vehículos de motor,Nacional,2019,	07,716934,32267012,192645,253599,157215,10756478,Cifras Definitivas
Vehículos de motor registrados en circulación. Vehículos de motor,Nacional,2019,	08,719328,32374756,193005,254072,157274,10760558,Cifras Definitivas
Vehículos de motor registrados en circulación. Vehículos de motor,Nacional,2019,	09,721735,32483073,193365,254546,157334,10764624,Cifras Definitivas
Vehículos de motor registrados en circulación. Vehículos de motor,Nacional,2019,	10,724155,32592008,193725,255022,157393,10768679,Cifras Definitivas
Vehículos de motor registrados en circulación. Vehículos de motor,Nacional,2019,	11,726591,32701640,194087,255497,157452,10772718,Cifras Definitivas
Vehículos de motor registrados en circulación. Vehículos de motor,Nacional,2019,	12,729044,32812049,194449,255974,157511,10776743,Cifras Definitivas
Vehículos de motor registrados en circulación. Vehículos de motor,Nacional,2020,	01,716585,32892538,192636,258383,142856,10793082,Cifras Definitivas
Vehículos de motor registrados en circulación. Vehículos de motor,Nacional,2020,	02,718037,32959180,192890,258725,142878,10794739,Cifras Definitivas
Vehículos de motor registrados en circulación. Vehículos de motor,Nacional,2020,	03,719490,33025886,193145,259067,142900,10796391,Cifras Definitivas
Vehículos de motor registrados en circulación. Vehículos de motor,Nacional,2020,	04,720945,33092654,193401,259409,142922,10798039,Cifras Definitivas
Vehículos de motor registrados en circulación. Vehículos de motor,Nacional,2020,	05,722401,33159486,193656,259752,142944,10799681,Cifras Definitivas
Vehículos de motor registrados en circulación. Vehículos de motor,Nacional,2020,	06,723858,33226382,193912,260096,142965,10801320,Cifras Definitivas
Vehículos de motor registrados en circulación. Vehículos de motor,Nacional,2020,	07,725317,33293340,194169,260439,142987,10802952,Cifras Definitivas
Vehículos de motor registrados en circulación. Vehículos de motor,Nacional,2020,	08,726777,33360362,194425,260784,143008,10804580,Cifras Definitivas
Vehículos de motor registrados en circulación. Vehículos de motor,Nacional,2020,	09,728238,33427447,194682,261128,143030,10806203,Cifras Definitivas
Vehículos de motor registrados en circulación. Vehículos de motor,Nacional,2020,	10,729701,33494596,194939,261474,143051,10807821,Cifras Definitivas
Vehículos de motor registrados en circulación. Vehículos de motor,Nacional,2020,	11,731165,33561808,195197,261819,143073,10809434,Cifras Definitivas
Vehículos de motor registrados en circulación. Vehículos de motor,Nacional,2020,	12,732631,33629084,195455,262165,143094,10811042,Cifras Definitivas
Vehículos de motor registrados en circulación. Vehículos de motor,Nacional,2021,	01,660450,33785829,183362,273561,123183,10848867,Cifras Definitivas
Vehículos de motor registrados en circulación. Vehículos de motor,Nacional,2021,	02,662075,33868977,183082,273145,123385,10866609,Cifras Definitivas
Vehículos de motor registrados en circulación. Vehículos de motor,Nacional,2021,	03,663704,33952333,182803,272729,123587,10884380,Cifras Definitivas
Vehículos de motor registrados en circulación. Vehículos de motor,Nacional,2021,	04,665338,34035895,182525,272313,123789,10902182,Cifras Definitivas
Vehículos de motor registrados en circulación. Vehículos de motor,Nacional,2021,	05,666975,34119665,182247,271898,123991,10920013,Cifras Definitivas
Vehículos de motor registrados en circulación. Vehículos de motor,Nacional,2021,	06,668617,34203641,181969,271484,124194,10937873,Cifras Definitivas
Vehículos de motor registrados en circulación. Vehículos de motor,Nacional,2021,	07,670263,34287825,181692,271070,124397,10955764,Cifras Definitivas
Vehículos de motor registrados en circulación. Vehículos de motor,Nacional,2021,	08,671912,34372219,181415,270658,124601,10973684,Cifras Definitivas
Vehículos de motor registrados en circulación. Vehículos de motor,Nacional,2021,	09,673566,34456819,181139,270245,124805,10991633,Cifras Definitivas
Vehículos de motor registrados en circulación. Vehículos de motor,Nacional,2021,	10,675224,34541628,180863,269834,125009,11009613,Cifras Definitivas
Vehículos de motor registrados en circulación. Vehículos de motor,Nacional,2021,	11,676886,34626646,180588,269423,125213,11027624,Cifras Definitivas
Vehículos de motor registrados en circulación. Vehículos de motor,Nacional,2021,	12,678552,34711873,180313,269013,125418,11045663,Cifras Definitivas
Vehículos de motor registrados en circulación. Vehículos de motor,Nacional,2022,	01,660452,34816446,178795,271479,122400,11059710,Cifras Definitivas
Vehículos de motor registrados en circulación. Vehículos de motor,Nacional,2022,	02,662063,34901399,179195,272087,122521,11070632,Cifras Definitivas
Vehículos de motor registrados en circulación. Vehículos de motor,Nacional,2022,	03,663677,34986455,179624,272739,122642,11081573,Cifras Definitivas
Vehículos de motor registrados en circulación. Vehículos de motor,Nacional,2022,	04,665292,35071609,180076,273425,122764,11092530,Cifras Definitivas
Vehículos de motor registrados en circulación. Vehículos de motor,Nacional,2022,	05,666910,35156866,180553,274148,122885,11103507,Cifras Definitivas
Vehículos de motor registrados en circulación. Vehículos de motor,Nacional,2022,	06,668529,35242223,181056,274912,123007,11114502,Cifras Definitivas
Vehículos de motor registrados en circulación. Vehículos de motor,Nacional,2022,	07,670150,35327666,181586,275717,123129,11125513,Cifras Definitivas
Vehículos de motor registrados en circulación. Vehículos de motor,Nacional,2022,	08,671772,35413209,182144,276565,123251,11136542,Cifras Definitivas
Vehículos de motor registrados en circulación. Vehículos de motor,Nacional,2022,	09,673397,35498843,182730,277454,123373,11147588,Cifras Definitivas
Vehículos de motor registrados en circulación. Vehículos de motor,Nacional,2022,	10,675023,35584565,183346,278391,123495,11158654,Cifras Definitivas
Vehículos de motor registrados en circulación. Vehículos de motor,Nacional,2022,	11,676651,35670384,183995,279375,123618,11169739,Cifras Definitivas
Vehículos de motor registrados en circulación. Vehículos de motor,Nacional,2022,	12,678281,35756325,184683,280420,123741,11180850,Cifras Definitivas
Vehículos de motor registrados en circulación. Vehículos de motor,Nacional,2023,	01,665213,35962655,176003,294504,120781,11266115,Cifras Definitivas
Vehículos de motor registrados en circulación. Vehículos de motor,Nacional,2023,	02,667421,36082011,176333,295056,121172,11302594,Cifras Definitivas
Vehículos de motor registrados en circulación. Vehículos de motor,Nacional,2023,	03,669632,36201547,176690,295654,121564,11339149,Cifras Definitivas
Vehículos de motor registrados en circulación. Vehículos de motor,Nacional,2023,	04,671845,36321214,177071,296292,121957,11375775,Cifras Definitivas
Vehículos de motor registrados en circulación. Vehículos de motor,Nacional,2023,	05,674062,36441032,177478,296971,122350,11412478,Cifras Definitivas
Vehículos de motor registrados en circulación. Vehículos de motor,Nacional,2023,	06,676281,36561011,177912,297698,122745,11449257,Cifras Definitivas
Vehículos de motor registrados en circulación. Vehículos de motor,Nacional,2023,	07,678503,36681145,178372,298469,123140,11486114,Cifras Definitivas
Vehículos de motor registrados en circulación. Vehículos de motor,Nacional,2023,	08,680728,36801445,178860,299284,123536,11523049,Cifras Definitivas
Vehículos de motor registrados en circulación. Vehículos de motor,Nacional,2023,	09,682957,36921909,179376,300147,123933,11560063,Cifras Definitivas
Vehículos de motor registrados en circulación. Vehículos de motor,Nacional,2023,	10,685188,37042533,179921,301059,124330,11597149,Cifras Definitivas
Vehículos de motor registrados en circulación. Vehículos de motor,Nacional,2023,	11,687422,37163347,180497,302025,124729,11634310,Cifras Definitivas
Vehículos de motor registrados en circulación. Vehículos de motor,Nacional,2023,	12,689661,37284367,181109,303048,125128,11671564,Cifras Definitivas
Vehículos de motor registrados en circulación. Vehículos de motor,Nacional,2024,	01,690530,37331355,198522,332184,125372,11694354,Cifras Preliminares
Vehículos de motor registrados en circulación. Vehículos de motor,Nacional,2024,	02,691402,37378481,216742,362670,125610,11716580,Cifras Preliminares
Vehículos de motor registrados en circulación. Vehículos de motor,Nacional,2024,	03,692360,37430264,235666,394336,125896,11743275,Cifras Preliminares
Vehículos de motor registrados en circulación. Vehículos de motor,Nacional,2024,	04,693185,37474863,253574,424301,126160,11767887,Cifras Preliminares
Vehículos de motor registrados en circulación. Vehículos de motor,Nacional,2024,	05,694104,37524544,272230,455519,126417,11791887,Cifras Preliminares
Vehículos de motor registrados en circulación. Vehículos de motor,Nacional,2024,	06,695064,37576422,291026,486969,126681,11816507,Cifras Preliminares
Vehículos de motor registrados en circulación. Vehículos de motor,Nacional,2024,	07,696045,37629449,309652,518136,126962,11842744,Cifras Preliminares
Vehículos de motor registrados en circulación. Vehículos de motor,Nacional,2024,	08,697093,37686099,327783,548473,127251,11869701,Cifras Preliminares
Vehículos de motor registrados en circulación. Vehículos de motor,Nacional,2024,	09,698007,37735517,345650,578369,127504,11893274,Cifras Preliminares
Vehículos de motor registrados en circulación. Vehículos de motor,Nacional,2024,	10,698931,37785444,364483,609883,127788,11919719,Cifras Preliminares
Vehículos de motor registrados en circulación. Vehículos de motor,Nacional,2024,	11,700054,37846162,387447,648307,128103,11949098,Cifras Preliminares
Vehículos de motor registrados en circulación. Vehículos de motor,Nacional,2024,	12,701166,37906304,410730,687266,128402,11977028,Cifras Preliminares
Vehículos de motor registrados en circulación. Vehículos de motor,Nacional,2025,	01,702089,37956215,429258,718269,128651,12000253,Cifras Preliminares
Vehículos de motor registrados en circulación. Vehículos de motor,Nacional,2025,	02,703007,38005849,446624,747326,128911,12024470,Cifras Preliminares
Vehículos de motor registrados en circulación. Vehículos de motor,Nacional,2025,	03,703971,38057952,466164,780021,129183,12049818,Cifras Preliminares
Vehículos de motor registrados en circulación. Vehículos de motor,Nacional,2025,	04,704778,38101597,483023,808232,129413,12071286,Cifras Preliminares
Vehículos de motor registrados en circulación. Vehículos de motor,Nacional,2025,	05,705665,38149532,501555,839241,129678,12095981,Cifras Preliminares
Vehículos de motor registrados en circulación. Vehículos de motor,Nacional,2025,	06,706508,38195099,519446,869178,129942,12120616,Cifras Preliminares
Vehículos de motor registrados en circulación. Vehículos de motor,Nacional,2025,	07,707426,38244703,539166,902176,130203,12144974,Cifras Preliminares
